<?xml version="1.0" encoding="UTF-8"?>
<container xmlns="http://symfony.com/schema/dic/services" xmlns:xsi="http://www.w3.org/2001/XMLSchema-instance" xsi:schemaLocation="http://symfony.com/schema/dic/services http://symfony.com/schema/dic/services/services-1.0.xsd">
    <services>
        <service id="Sonata\AdminBundle\Command\CreateClassCacheCommand" class="Sonata\AdminBundle\Command\CreateClassCacheCommand" public="true">
            <tag name="console.command"/>
        </service>
        <service id="Sonata\AdminBundle\Command\ExplainAdminCommand" class="Sonata\AdminBundle\Command\ExplainAdminCommand" public="true">
            <tag name="console.command"/>
        </service>
        <service id="Sonata\AdminBundle\Command\GenerateAdminCommand" class="Sonata\AdminBundle\Command\GenerateAdminCommand" public="true">
            <tag name="console.command"/>
        </service>
        <service id="Sonata\AdminBundle\Command\GenerateObjectAclCommand" class="Sonata\AdminBundle\Command\GenerateObjectAclCommand" public="true">
            <tag name="console.command"/>
        </service>
        <service id="Sonata\AdminBundle\Command\ListAdminCommand" class="Sonata\AdminBundle\Command\ListAdminCommand" public="true">
            <tag name="console.command"/>
        </service>
        <service id="Sonata\AdminBundle\Command\SetupAclCommand" class="Sonata\AdminBundle\Command\SetupAclCommand" public="true">
            <tag name="console.command"/>
        </service>
    </services>
</container>
