<?xml version="1.0" encoding="UTF-8"?>
<container xmlns="http://symfony.com/schema/dic/services" xmlns:xsi="http://www.w3.org/2001/XMLSchema-instance" xsi:schemaLocation="http://symfony.com/schema/dic/services http://symfony.com/schema/dic/services/services-1.0.xsd">
    <services>
        <defaults public="false"/>
        <service id="sonata.admin.maker" class="Sonata\AdminBundle\Maker\AdminMaker">
            <argument>%kernel.project_dir%</argument>
            <argument type="collection"/>
            <tag name="maker.command"/>
        </service>
    </services>
</container>
