<?xml version="1.0" encoding="UTF-8"?>
<container xmlns="http://symfony.com/schema/dic/services" xmlns:xsi="http://www.w3.org/2001/XMLSchema-instance" xsi:schemaLocation="http://symfony.com/schema/dic/services http://symfony.com/schema/dic/services/services-1.0.xsd">
    <parameters>
        <parameter key="sonata.admin.twig.extension.x_editable_type_mapping" type="collection">
            <parameter key="choice">select</parameter>
            <parameter key="boolean">select</parameter>
            <parameter key="text">text</parameter>
            <parameter key="textarea">textarea</parameter>
            <parameter key="html">textarea</parameter>
            <parameter key="email">email</parameter>
            <parameter key="string">text</parameter>
            <parameter key="smallint">text</parameter>
            <parameter key="bigint">text</parameter>
            <parameter key="integer">number</parameter>
            <parameter key="decimal">number</parameter>
            <parameter key="currency">number</parameter>
            <parameter key="percent">number</parameter>
            <parameter key="url">url</parameter>
            <parameter key="date">date</parameter>
        </parameter>
    </parameters>
    <services>
        <service id="sonata.admin.twig.extension" class="Sonata\AdminBundle\Twig\Extension\SonataAdminExtension" public="true">
            <tag name="twig.extension"/>
            <argument type="service" id="sonata.admin.pool"/>
            <argument type="service" id="logger" on-invalid="ignore"/>
            <argument type="service" id="translator"/>
            <argument type="service" id="service_container"/>
            <argument type="service" id="security.authorization_checker"/>
            <call method="setXEditableTypeMapping">
                <argument>%sonata.admin.twig.extension.x_editable_type_mapping%</argument>
            </call>
        </service>
        <service id="sonata.templates.twig.extension" class="Sonata\AdminBundle\Twig\Extension\TemplateRegistryExtension" public="false">
            <tag name="twig.extension"/>
            <argument type="service" id="sonata.admin.global_template_registry"/>
            <argument type="service" id="service_container"/>
        </service>
    </services>
</container>
