<?xml version="1.0" encoding="UTF-8"?>
<container xmlns="http://symfony.com/schema/dic/services" xmlns:xsi="http://www.w3.org/2001/XMLSchema-instance" xsi:schemaLocation="http://symfony.com/schema/dic/services http://symfony.com/schema/dic/services/services-1.0.xsd">
    <services>
        <service id="sonata.core.form.type.array_legacy" class="Sonata\CoreBundle\Form\Type\ImmutableArrayType" public="true">
            <tag name="form.type" alias="sonata_type_immutable_array_legacy"/>
        </service>
        <service id="sonata.core.form.type.boolean_legacy" class="Sonata\CoreBundle\Form\Type\BooleanType" public="true">
            <tag name="form.type" alias="sonata_type_boolean_legacy"/>
        </service>
        <service id="sonata.core.form.type.collection_legacy" class="Sonata\CoreBundle\Form\Type\CollectionType" public="true">
            <tag name="form.type" alias="sonata_type_collection_legacy"/>
        </service>
        <service id="sonata.core.form.type.translatable_choice" class="Sonata\CoreBundle\Form\Type\TranslatableChoiceType" public="true">
            <deprecated>The "%service_id%" service is deprecated since 2.2.0 and will be removed in 4.0.</deprecated>
            <tag name="form.type" alias="sonata_type_translatable_choice"/>
            <argument type="service" id="translator"/>
        </service>
        <service id="sonata.core.form.type.date_range_legacy" class="Sonata\CoreBundle\Form\Type\DateRangeType" public="true">
            <tag name="form.type" alias="sonata_type_date_range_legacy"/>
            <argument type="service" id="translator"/>
        </service>
        <service id="sonata.core.form.type.datetime_range_legacy" class="Sonata\CoreBundle\Form\Type\DateTimeRangeType" public="true">
            <tag name="form.type" alias="sonata_type_datetime_range_legacy"/>
            <argument type="service" id="translator"/>
        </service>
        <service id="sonata.core.form.type.date_picker_legacy" class="Sonata\CoreBundle\Form\Type\DatePickerType" public="true">
            <tag name="form.type" alias="sonata_type_date_picker_legacy"/>
            <argument type="service" id="sonata.core.date.moment_format_converter"/>
            <argument type="service" id="translator"/>
        </service>
        <service id="sonata.core.form.type.datetime_picker_legacy" class="Sonata\CoreBundle\Form\Type\DateTimePickerType" public="true">
            <tag name="form.type" alias="sonata_type_datetime_picker_legacy"/>
            <argument type="service" id="sonata.core.date.moment_format_converter"/>
            <argument type="service" id="translator"/>
        </service>
        <service id="sonata.core.form.type.date_range_picker_legacy" class="Sonata\CoreBundle\Form\Type\DateRangePickerType" public="true">
            <tag name="form.type" alias="sonata_type_date_range_picker_legacy"/>
            <argument type="service" id="translator"/>
        </service>
        <service id="sonata.core.form.type.datetime_range_picker_legacy" class="Sonata\CoreBundle\Form\Type\DateTimeRangePickerType" public="true">
            <tag name="form.type" alias="sonata_type_datetime_range_picker_legacy"/>
            <argument type="service" id="translator"/>
        </service>
        <service id="sonata.core.form.type.equal_legacy" class="Sonata\CoreBundle\Form\Type\EqualType" public="true">
            <tag name="form.type" alias="sonata_type_equal_legacy"/>
            <argument type="service" id="translator"/>
        </service>
        <service id="sonata.core.form.type.color_selector" class="Sonata\CoreBundle\Form\Type\ColorSelectorType" public="true">
            <deprecated>The "%service_id%" service is deprecated since 3.5 and will be removed in 4.0.</deprecated>
            <tag name="form.type" alias="sonata_type_color_selector"/>
        </service>
        <service id="sonata.core.form.type.color_legacy" class="Sonata\CoreBundle\Form\Type\ColorType" public="true">
            <tag name="form.type" alias="sonata_type_color"/>
        </service>
        <service id="sonata.core.form.type.array" class="Sonata\Form\Type\ImmutableArrayType" public="true">
            <tag name="form.type" alias="sonata_type_immutable_array"/>
        </service>
        <service id="sonata.core.form.type.boolean" class="Sonata\Form\Type\BooleanType" public="true">
            <tag name="form.type" alias="sonata_type_boolean"/>
        </service>
        <service id="sonata.core.form.type.collection" class="Sonata\Form\Type\CollectionType" public="true">
            <tag name="form.type" alias="sonata_type_collection"/>
        </service>
        <service id="sonata.core.form.type.date_range" class="Sonata\Form\Type\DateRangeType" public="true">
            <tag name="form.type" alias="sonata_type_date_range"/>
            <argument type="service" id="translator"/>
        </service>
        <service id="sonata.core.form.type.datetime_range" class="Sonata\Form\Type\DateTimeRangeType" public="true">
            <tag name="form.type" alias="sonata_type_datetime_range"/>
            <argument type="service" id="translator"/>
        </service>
        <service id="sonata.core.form.type.date_picker" class="Sonata\Form\Type\DatePickerType" public="true">
            <tag name="form.type" alias="sonata_type_date_picker"/>
            <argument type="service" id="sonata.core.date.moment_format_converter"/>
            <argument type="service" id="translator"/>
        </service>
        <service id="sonata.core.form.type.datetime_picker" class="Sonata\Form\Type\DateTimePickerType" public="true">
            <tag name="form.type" alias="sonata_type_datetime_picker"/>
            <argument type="service" id="sonata.core.date.moment_format_converter"/>
            <argument type="service" id="translator"/>
        </service>
        <service id="sonata.core.form.type.date_range_picker" class="Sonata\Form\Type\DateRangePickerType" public="true">
            <tag name="form.type" alias="sonata_type_date_range_picker"/>
            <argument type="service" id="translator"/>
        </service>
        <service id="sonata.core.form.type.datetime_range_picker" class="Sonata\Form\Type\DateTimeRangePickerType" public="true">
            <tag name="form.type" alias="sonata_type_datetime_range_picker"/>
            <argument type="service" id="translator"/>
        </service>
        <service id="sonata.core.form.type.equal" class="Sonata\Form\Type\EqualType" public="true">
            <tag name="form.type" alias="sonata_type_equal"/>
            <argument type="service" id="translator"/>
        </service>
    </services>
</container>
